,tweet
0,Bolsonaro faz discurso duro na ONU e ataca o Socialismo Assista na √≠ntegra:
1,- Chanceler cubano rebate declara√ß√µes de Bolsonaro: ‚ÄòDelira e tem saudade dos tempos da ditadura‚Äô
2,Esses pol√≠ticos canalhas n√£o t√£o nem a√≠ pros direitos dos cidad√£os, eles agem por √≥dio ao combate a corrup√ß√£o e t√£o abusando da paci√™ncia do povo brasileiro.
3,ONU: socialismo e religi√£o s√£o destaques no discurso de Bolsonaro
4,Se a sueca esquerdopata Greta governasse o mundo o mundo viveria uma tirania ecototalit√°ria.
5,Bolsonaro faz discurso duro na ONU e ataca o Socialismo
6,Todas as segundas e sextas tem o Podcast com o Cientista pol√≠tico Adriano Oliveira. An√°lise pol√≠tica, pesquisa, previs√£o e estrat√©gia.
7,Opini√£o. A derrota da universidade
8,UMinho e C√¢mara de Braga querem recuperar convento com fundos comunit√°rios
9,PGR √© contra ‚Äúdesfilia√ß√£o amig√°vel‚Äù e vereador de VG corre risco de perder mandato. Leia Mais
10,Governador de SP afirmou que o presidente gerou p√©ssima imagem do Brasil no exterior e que faltou humildade no pronunciamento na ONU.
11,üáßüá∑üáßüá∑üáßüá∑ BRASIL acima de tudo, DEUS acima de tudo e de TODOS!!! discursa na . Leia a SINOPSE do DISCURSO, n√£o paga IMPOSTO!!! Nossa pol√≠tica √© de toler√¢ncia zero √†...
12,Guerra declarada: Ex-vice que renunciou, abre baterias contra prefeita de Conde, que se defende
13,Bolsonaro ataca socialismo e diz que Amaz√¥nia n√£o √© patrim√¥nio da humanidade: Fal√°cia
14,- Comunicado da CDU Alcoba√ßa A CDU Alcoba√ßa sempre se bateu contra a gest√£o ruinosa do PSD.Alcoba√ßa em rela√ß√£o a v√°rias decis√µes, nomeadamente, sobre os muitos milh√µ... (...) Continue a ler em:
15,As quatro novas substituir√£o quatro autom√≥veis com cerca de dez anos de uso:
16,‚ÄúPara ajudar o presidente a colocar o Brasil nos trilhos, a press√£o da popula√ß√£o tem de ser sobre o Congresso‚Äù, afirmou o senador Olimpio.
17,Escrito por: Sabrina Dayer |
18,Em tom agressivo e bal√≠stico, ataca Cuba, Fran√ßa e Venezuela e v√™ fal√°cia sobre Amaz√¥nia
19,Eis a rica classe pol√≠tica falando em defesa de seus pares e investindo na lavagem cerebral do povo brasileiro.
20,Infelizmente o discurso de Bolsonaro na ONU j√° era previs√≠vel. O tom fez com que perd√™ssemos chance de avan√ßar com as lideran√ßas globais, que s√≥ firmaram percep√ß√£o q tem do Brasil no momento. Serviu inclusive para inflamar as milit√¢ncia contr√°rias do pa√≠s.
21,- O DISCURSO QUE DESVIOU O ASSUNTO
22,INVESTIGA√á√ÉO CPI pede √† Justi√ßa o compartilhamento de quatro dela√ß√µes premiadas. Documentos podem auxiliar a Comiss√£o em investiga√ß√£o sobre sonega√ß√£o fiscal no Estado.
23,Bolsonaro discursa na Assembleia Geral da ONU Amaz√¥nia e seguran√ßa p√∫blica foram temas citados pelo presidente. Acesse o conte√∫do aberto (Foto: Divulga√ß√£o - DP)
24,CPI LAVA TOGA Senador √Ålvaro Dias cobra investiga√ß√£o do Poder Judici√°rio. Protesto organizado pelo grupo formado por v√°rios senadores chamado Muda Senado Muda Brasil ser√° realizado nesta quarta, em Bras√≠lia.
25,INVESTIGA√á√ÉO Depoimento de Silval em CPI pode implodir Assembleia. Se falar o que sabe, Silval pode incriminar parlamentares. Caso se cale, pode comprometer termos de sua pr√≥pria dela√ß√£o.
26,BOSLONARO ATACA A FRAN√áA E DEFENDE SOBERANIA EM DISCURSO NA ONU
27,Caso Agatha. Witzel p√µe a culpa na maconha
28,Utransv divulga locais interditados para eventos
29,Por muito tempo vivemos em uma era de escurid√£o pol√≠tica, mas isso tem mudado! As pessoas tem percebido a influ√™ncia que a pol√≠tica exerce sobre nossas vidas! √â tempo de mudan√ßa! üáßüá∑
30,Vereadores, prefeitos, deputados, governadores, senadores, presidentes...deveriam ser trabalhos volunt√°rios, segue mesmo sistema de votos/elei√ß√µes atuais, por√©m, trabalho volunt√°rio! Ser√° que teria tanta procura e uso da frase ‚Äúajudar as pessoas‚Äù ?
31,BE acusa PS de reescrever hist√≥ria com factos que n√£o s√£o verdade
32,Frente Rep√∫blicano Farabundista .
33,Maioria das pens√µes vai aumentar acima da infla√ß√£o em , diz ministro do Tr
34,Menos quil√≥metros na campanha do BE e olhos postos nas redes sociais
35,Negocia√ß√£o entre EUA e China ser√° retomada em duas semanas üá∫üá∏üá®üá≥ Leia Ilustra√ß√£o/Internet
36,O deputado Walter Cavalcante (MDB) chama aten√ß√£o para a campanha de alerta sobre o c√¢ncer do aparelho digestivo e convida para audi√™ncia p√∫blica na nesta quarta-feira (25/09). Ao vivo: TV (31.1) - FM (96,7 Mhz)
37,O presidente do Jair Bolsonaro abriu na manh√£ desta ter√ßa feira (24), os debates da Assembleia Geral da ONU em Nova Iorque, com o intuito de rebater os questionamentos e cr√≠ticas sobre sua pol√≠tica ambiental.
38,A pol√≠tica √© quase t√£o excitante como a guerra e n√£o menos perigosa. Na guerra a pessoa s√≥ poder ser morta uma vez, mas na pol√≠tica diversas vezes. - Winston Churchill. ‚Ä¢ ‚Ä¢ ‚Ä¢ ‚Ä¢ ‚Ä¢
39,Ol√≠via busca apoio para segunda etapa de obras na Feira de S√£o Joaquim
40,O DEPUTADO QUE FALAVA SOZINHO via
41,Leo ao quadrado (2.10.19): Gilmar v√™ Moro como torturador , e dafneashton falam sobre a sess√£o do STF que pode definir os rumos da Lava Jato e sobre a dura‚Ä¶
42,Bancada Federal de MS se re√∫ne para discutir novas regras or√ßament√°rias e definir as emendas para
43,Para moderar nosso debate, contaremos com a presen√ßa de nossa egressa Bruna Aguera. SAVE THE DATE: DE OUTUBRO INSCRI√á√ïES:
44,L√çDER DA OPOSI√á√ÉO DIZ QUE N√ÉO MUDOU DE RUMO E CONFIA NA JUSTI√áA
45,O ministro do STF Gilmar Mendes disse hoje que as pris√µes tempor√°rias na Lava-jato foram um instrumento de tortura. Para Kennedy Alencar, ele est√° certo na coloca√ß√£o. Ou√ßa o coment√°rio.
46,Os coaches Tony Santiago e Jorgelucas trazem um debate profundo e anal√≠tico sobre os principais personagens da pol√≠tica brasileira, seus pensamentos e observa√ß√µes para uma pol√≠tica macroecon√¥mica de austeridade.
47,Estudo mostra que metade dos inquiridos portugueses n√£o confia nos l√≠deres pol√≠ticos
48,Ent√£o, o democrata esgoto antiamericano Bernie Sanders passou mal e foi pro hospital. N√£o sinto nem um pouco de pena desse comunista abjeto!!! Tomara que ele se encontre logo com Fidel Saddam Kadaffi Ch√°vez e Mugabe!!!!!
49,Alunos do interior sofrem com precariedade no transporte escolar leia mais
50,Com d√©ficit projetado em R$ ,59 bilh√µes, Or√ßamento do Governo, para , j√° foi protocolado na Assembleia. Saiba mais: .
51,Proposta do governo passou em primeira vota√ß√£o com votos:
52,Senador Marcos do Val est√° na UTI ap√≥s problemas card√≠acos
53,Desde , tratados europeus garantem que qualquer Estado-membro pode decidir unilateralmente deixar a Uni√£o Europeia. elica como se d√° este processo
54,Governo peruano n√£o aceita ren√∫ncia de Mercedes Ar√°oz como vice-presidente
55,DIRETRIZES OR√áAMENT√ÅRIAS Deputados aprovam LDO em ¬™ vota√ß√£o por unanimidade. Depois de muita discuss√£o, deputados mantiveram parecer da CCJR e aprovaram LDO em primeira vota√ß√£o.
56,o ex-gestor foi condenado a devolver o valor de R$ ,4 milh√µes. leia mais
57,Apenas % dos munic√≠pios do AM est√£o com transpar√™ncia elevada e % com situa√ß√£o mediana. leia mais
58,Dif√≠cil aderir a um programa que voc√™ n√£o sabe o que √©, diz secret√°rio de SP sobre escolas c√≠vico-militares
59,Ap√≥s pris√£o de auditores, Gilmar Mendes prepara processos contra integrantes da Receita
60,Bolsonaro paga o pre√ßo da antipol√≠tica com juros e corre√ß√£o
61,‚ÄúT√° com sua m√£e‚Äù, diz Bolsonaro ao ser perguntado sobre Queiroz; veja v√≠deo
62,Por comando do MDB, novo presidente abre espa√ßo a concorrentes na dire√ß√£o da sigla
63,Integrantes da equipe econ√¥mica admitem desgaste entre Guedes e Planalto
64,Sergio Moro tem estrat√©gia permanente de acuar institui√ß√µes, diz Maia
65,Conhe√ßa os investigados pela PF por suspeita de hackear contas de autoridades
66,Investiga√ß√£o quer esclarecer se houve pagamento por conversas hackeadas
67,Relatos de milagres de Irm√£ Dulce v√£o de cegueira a unha encravada
68,Ex-assessor e planilha implicam Bolsonaro e ministro em caixa dois
69,O direito difuso concentrou interesses
70,Protagonismo de Luciano Huck gera inc√¥modo em movimento de renova√ß√£o
71,Olhar ambiental com S√≠nodo da Amaz√¥nia resgata atua√ß√£o social do papa
72,N√∫cleo de investiga√ß√£o anunciada pela Lava Jato est√° no Google desde
73,Na cultura, governo asfixia cr√≠ticos e monta m√°quina de propaganda
74,Proposta de Moro de pris√£o em ¬™ inst√¢ncia deve gerar resist√™ncia no STF
75,Excluir mulheres da igreja √© nonsense, diz assessor do papa para a Amaz√¥nia
76,Senado aprova MP que visa agilizar venda de bens apreendidos de traficantes
77,Ap√≥s sete votos, STF adia conclus√£o de julgamento sobre anistia a ex-cabos
78,Bolsonaro diz que permanece no PSL e compara crise no partido a briga de marido e mulher
79,Grupo de deputados do PSL busca sa√≠da jur√≠dica para deixar partido se Bolsonaro decidir sair
80,TRF-4 mant√©m condena√ß√£o do eeputado Andr√© Vargas na Opera√ß√£o Lava Jato
81,Senado aprova mecanismo para facilitar empr√©stimos a micro e pequenas empresas
82,TRF-2 autoriza viagem de Temer √† Inglaterra para dar palestras
83,TCU decide manter suspens√£o de campanha publicit√°ria que promove o pacote anticrime
84,Vaticano confirma c√∫pula de governadores da Amaz√¥nia para o pr√≥ximo dia
85,Aras decide manter procuradores do grupo de trabalho da Lava Jato que atua no Supremo
86,TRF-4 reduz dias da pena de Jos√© Dirceu em processo da Opera√ß√£o Lava Jato
87,Bolsonaro recebe deputados do PSL ap√≥s criticar presidente do partido
88,Seis estados do Nordeste s√£o os que mais perdem com novo texto da cess√£o onerosa
89,Paula e Simp n√£o se entendem e greve pode ser retomada Reuni√£o manteve impasse entre prefeita e sindicato dos servidores sobre pagamento dos sal√°rios; assembleia hoje avalia nova paralisa√ß√£o. Acesse (Foto: Carlos Queiroz - DP)
90,C√¢mara aprova em primeiro turno PEC que cria pol√≠cias penais
91,Relator na C√¢mara l√™ parecer que autoriza empresas privadas no servi√ßo de saneamento b√°sico
92,Aceno de Bolsonaro ao PSL √© apenas uma tr√©gua
93,Entenda como ser√° a divis√£o entre estados e munic√≠pios de recursos do megaleil√£o de petr√≥leo
94,C√¢mara aprova projeto que define distribui√ß√£o de recursos do megaleil√£o de petr√≥leo
95,N√É√É√É√É√ÉO t√¥ falando de Chico ou Raimundo, de governador ou presidente. . A vai muuuuuuuito al√©m dos currais eleitorais e dos pol√≠ticos tradicionais. √â a arte de negociar. . TODOS n√≥s somos pol√≠ticos.
96,N√£o tem l√≥gica atacar o PSL enquanto o PT est√° comprovadamente envolvido com o PCC. Provavelmente o enfraquecimento do PSL seja a √∫ltima cartada daqueles que pretendem derrubar o Presidente. O futuro dir√°.
97,Piada pronta , se n√£o fosse t√£o tr√°gico !!!
98,N√£o quero tomar o PSL de ningu√©m, diz Bolsonaro sobre atritos com Bivar
99,Bolsonaro diz n√£o querer tomar partido de ningu√©m e defende transpar√™ncia nas contas do PSL
