,tweet
0,Pesquisa e tecnologia por um tr√¢nsito mais seguro ‚Ä¶
1,O presidente Jair Bolsonaro (PSL) assinou na v√©spera a MP que prev√™ um ¬∫ sal√°rio a benefici√°rios do Bolsa Fam√≠lia. ‚Ä¶
2,"O deputado Danniel Oliveira (MDB) solidariza-se com as fam√≠lias do pr√©dio residencial que desabou em Fortaleza. Ele pede que a inspe√ß√£o predial seja mais r√≠gida e eficaz para impedir futuros acidentes. Ao vivo: - - TV (31.1) - FM (96,7)"
3,"Senado aprova distribui√ß√£o de recursos do leil√£o excedente do pr√©-sal O projeto destina % do que a Uni√£o arrecadar no leil√£o aos entes federados; Estados e Distrito Federal ficar√£o com % - ou R$ ,9 bilh√µes. Acesse (Foto: Divulga√ß√£o - DP)"
4,"O deputado S√©rgio Aguiar (PDT) comenta mat√©ria veiculada na imprensa local sobre a gera√ß√£o solar no Cear√° que cresceu mais de % nos √∫ltimos meses. Ao vivo: - - TV Assembleia (31.1) - FM Assembleia (96,7 Mhz)"
5,Bolsonaro vai tentar negociar acordo comercial entre Mercosul e Jap√£o üáßüá∑üáØüáµüá®üá≥ Leia ‚ñ∂Ô∏è Adriano Machado
6,"""NOVO F√îLEGO"" Estamos conseguindo nos recuperar financeiramente, afirma governador. Mauro Mendes ressaltou medidas econ√¥micas adotadas pela atual gest√£o. ‚Ä¶"
7,Governo amplia prazos para pagamento de d√≠vidas de produtores rurais üáßüá∑‚Äç Leia ‚ñ∂Ô∏è Ilustra√ß√£o
8,ALEMS| Seis mat√©rias est√£o previstas para aprecia√ß√£o na Ordem do Dia desta quarta-feira (16)
9,"Lucas, companheiro de partido, que ensinado sobre capta√ß√£o de recursos para os munic√≠pios. Sempre bom aprender a como servir. . . ‚Ä¶"
10,Senado aprova distribui√ß√£o de recursos da cess√£o onerosa por unanimidade ‚Ä¶
11,C√¢mara aprova MP que reformula estrutura do governo federal ‚Ä¶
12,Bolsonaro vai ao Jap√£o para incentivar com√©rcio e buscar investimentos ‚Ä¶
13,"Bolsonaro considera que opera√ß√£o contra Bivar foi feita &a melhor maneira poss√≠vel&;, diz porta-voz ‚Ä¶"
14,"via - Ap√≥s cancelar ida a Salvador, Bolsonaro libera R$ milh√µes da Sa√∫de para obras de Irm√£ Dulce"
15,via - ONGs auxiliam limpeza de praias do Nordeste
16,Qualquer semelhan√ßa com x x √© mera coincid√™ncia! ü§£üáßüá∑ü§£ Go !! ‚Ä¶
17,"Kkkkkkkkkkk, certos pol√≠ticos quando crian√ßa."
18,"Lideran√ßa √© para quem tem coragem, coragem √© para quem tem atitude, atitude √© para quem tem responsabilidade."
19,"""Professores ensinam, mais os melhores inspiram"". Gratid√£o aos professores que me inspiram nessa caminhada. . . . ‚Ä¶ ‚Ä¶"
20,"Hoje a veio parabenizar Currais Novos, pelo seus anos de !"
21,Alex Lima destaca papel da educa√ß√£o no combate √† viol√™ncia no tr√¢nsito
22,Vereadores s√£o homenageados em evento na Assembleia Legislativa
23,Senadora Soraya Thronicke √© considerada a melhor parlamentar de MS
24,Novo faz happyhour no bar do P√©z√£o ‚Ä¶
25,"- Carlos Barbosa √© homenageado em Porto de M√≥s Decorreu ontem, dia de outubro, a Homenagem a Carlos Barbosa, Presidente do Autom√≥vel Clube de Portugal, numa ... (...) Continue a ler em:"
26,"Os pa√≠ses mais felizes do mundo s√£o aqueles onde √© feita uma boa gest√£o do tempo, onde trabalhar n√£o √© tudo. Portugal precisa de trabalhar menos horas para ser mais feliz."
27,Bom dia meus amigos e seguidores. Uma ter√ßa-feira aben√ßoada para todos! ‚Äì at ALEAM - Assembl√©ia Legislativa do Estado do Amazonas
28,Feliz dia do professor. Uma singela homenagem ao melhor professor na pol√≠tica: jairmessiasbolsonaro! ‚Ä¶ ‚Ä¶
29,Contribuindo na constru√ß√£o de esperan√ßas... üáßüá∑ em Paseo De La Historieta ‚Ä¶
30,Vamos escrever uma nova hist√≥ria e um novo futuro. Valorizemos nossos professores porque tudo come√ßa com eles. Parab√©ns Professores.
31,| O parlamentar defende que a recupera√ß√£o da via ir√° trazer desenvolvimento social e econ√¥mico ao munic√≠pio. leia mais >>> ‚Ä¶
32,Parlamentares goianos que apoiam a reforma da prev... ‚Ä¶ (Foto: Ag√™nciaSenado)
33,"| O PL prev√™ a concess√£o de benef√≠cios de isen√ß√£o IPTU para portadores de doen√ßas raras, em Manaus. leia mais >>> ‚Ä¶"
34,"- Agosto foi o melhor m√™s de sempre para o turismo no Centro de Portugal Agosto de foi o melhor m√™s de sempre para a atividade tur√≠stica no Centro de Portugal, tanto em n√∫mero de dormidas e h√≥... (...) Continue a ler em:"
35,via - Bolsa em Harvard destinada a inova√ß√µes no jornalismo est√° com inscri√ß√µes abertas
36,ACM Neto destaca momento especial em primeira missa a Santa DULCE
37,"Economia brasileira apresenta avan√ßos e infla√ß√£o √© reduzida para ,28%, EUA e China devem fazer novo acordo e BREXIT em andamento. Confira! ‚Ä¶"
38,Bolsonaro destaca pontos positivos do governo da primeira quinzena de outubro ‚Ä¶
39,Meme pol√≠tico (O Bolsonaro √© um bom menino!) - Chimarr√£o News via
40,Governo edita MP que estimula financiamento do Agroneg√≥cio ‚Ä¶
41,"O prefeito Samuca Silva recebeu na noite desta sexta-feira, dia , uma homenagem na C√¢mara Municipal pelo Dia do Contador, comemorado em de setembro. Foram profissionais da √°rea cont√°bil homenageados pelos vereadores."
42,"O mundo da bola √â incr√≠vel, onde conhecemos pessoas excelentes, e cada um com sua hist√≥ria diferenciada, viva o esporte. ‚Ä¶ ‚Ä¶"
43,"Cada Jogo √© uma hist√≥ria, e cada hist√≥ria √© uma estrela que brilha. ‚Ä¶ ‚Ä¶"
44,"Mais um jogo para conta, Campeonato na cidade de Conde-PB, tivemos o primeiro jogo, e garantimos pontos, tivemos uma grandiosa Vit√≥ria. ‚Ä¶ ‚Ä¶"
45,Alian√ßa escolhe porta-vozes e mant√©m lideran√ßa de Santana com ‚Äútotal confian√ßa‚Äù
46,Feliz dia das crian√ßas! ‚Ä¶ ‚Ä¶
47,"via - 'Uma das coisas mais bonitas de Irm√£ Dulce √© que ela n√£o fazia propaganda de si', diz arcebispo"
48,| Josu√© Neto recebe medalha do TCE por bom uso dos recursos p√∫blicos ‚Ä¶
49,O mundo te espera e voc√™ √© capaz de ser quem voc√™ sonha.
50,Seguimos firmes e unidos üáßüá∑üá∫üá∏ - - ‚Ä¶ ‚Ä¶
51,"Parab√©ns ao Iniciativa Liberal e ao Chega, os dois novos partidos de direita que entraram na Assembleia da Rep√∫blica. √â o in√≠cio de uma nova era."
52,"Uma honra para mim, estar ao lado de em Holiday Inn Natal ‚Ä¶"
53,via - Senado aprova mecanismo para facilitar empr√©stimos a micro e pequenas empresas
54,Dia especial . Audi√™ncia p√∫blica sobre intersexualidade e direitos na OAB SP. Ô∏è ‚Ä¶ ‚Ä¶
55,Em todo lugar √© bom sorrir e dizer o t√£o importante √© uma amizade. Foi assim com o Amarildo e sua fam√≠lia!!! . . em‚Ä¶ ‚Ä¶
56,Deputado l√™ nota em plen√°rio e torce pela melhora da sa√∫de do governador . Saiba mais: .
57,Delegado Cavalcante parabeniza agentes de prote√ß√£o da inf√¢ncia
58,Heitor F√©rrer comemora projeto de reinser√ß√£o social de adolescentes via
59,"A proposta, apresentada pelo governador do Piau√≠, Wellington Dias (PT), e foi bem avaliada pelo governador de S√£o Paulo, Jo√£o Doria (PSDB). No entanto Wilson Witzel (PSC), do Rio de Janeiro, n√£o apoia o projeto,"
60,via - L√≠der do governo diz que houve avan√ßo em acordo sobre partilha de recursos do pr√©-sal
61,via - Bolsonaro sanciona dois projetos que ampliam prote√ß√£o a v√≠timas de viol√™ncia dom√©stica
62,‚ÄúFazer o bem √© o mais suave prazer que se pode eerimentar.‚Äù ‚Ä¶ ‚Ä¶
63,Luc√≠lvio Gir√£o enaltece solenidade de anos da Constitui√ß√£o Estadual ‚Ä¶
64,Meu amigo COELHO Pense num vice-prefeito porreta!!! em S√≠tio Novo ‚Ä¶
65,Bom dia meus amigos seguidores. J√° na casa legislativa para mais um dia de trabalho. Uma excelente ter√ßa-feira e que Deus nos aben√ßoe!
66,Parab√©ns a todos os Nordestinos.
67,Bora pra mais uma semana! For√ßa e Honra sempre! ‚Ä¶
68,Com pessoas maravilhosas temos a honra de est√° sempre presentes e registrar. ‚Ä¶ ‚Ä¶
69,"Parab√©ns aos cabe√ßas de lista que vieram ao Podcast Conversa e foram eleitos, que cumpram o que prometeram e que acima de tudo, representem a Na√ß√£o e os seus os seus Distritos."
70,Jer√≥nimo de Sousa ‚Äútranquilo‚Äù e feliz com estreia do neto mais velho numa vota√ß√£o
71,Hoje √© o dia do prefeito. A pessoa respons√°vel por gerir e fazer cada munic√≠pio crescer e se fortalecer. Parab√©ns a todos os prefeitos da regi√£o Tocantina.
72,Ainda a esperan√ßa ‚Ä¶
73,Mais um dia na busca de um futuro melhor para o Brasil Jovens participem da pol√≠tica. ‚Ä¶
74,Felizmente ainda h√° homens na com honra e sentimentos e n√£o meros aut√≥matos. For√ßa
75,Sextou. Uma √≥tima sexta-feira. In√≠cio de fds. Vamos juntos fazer o melhor pelo nosso povo. Me siga nas redes sociais:
76,Construir cidades em que se queira estar √© o nosso desafio!
77,"PGR reafirma compromisso com defesa da ordem jur√≠dica, do regime democ"
78,"Conversar com as crian√ßas sobre pol√≠tica √© sempre um grande aprendizado. Hoje (30/09), foi uma tarde de muita divers√£o e informa√ß√£o, tanto para n√≥s, quanto para os alunos do... ‚Ä¶"
79,Queiroz Filho parabeniza Governo do Estado pelo programa Supera√ß√£o
80,C√¢mara homenageia agentes comunit√°rios de sa√∫de nesta sexta
81,Pacheco √© favor√°vel a PL sobre quita√ß√£o tribut√°ria: ‚Ä¶
82,Excelente! Se torna INESQUEC√çVEL ‚Ä¶
83,Como √© Gratificante trabalhar com pessoas maravilhosa. em Assembleia Legislativa do Piau√≠ ‚Ä¶
84,"Excelente reuni√£o com os deputados federais Andr√© Figueiredo e Tulio Gadelha, junto com a grande lideran√ßa Manoel Dias para falar da necessidade de avan√ßos no sistema √∫nico de sa√∫de. ‚Ä¶"
85,"Foi um prazer conhece-lo deputado Suas ideias e vis√µes sobre o futuro do nosso Pa√≠s, sem d√∫vidas ir√£o fazer com que possamos usufruir de um Estado e um Brasil melhor."
86,"N√£o perca oportunidade de conhecer melhor o presidente nacional do PTB, ! No ¬∫ epis√≥dio do Al√©m do Plen√°rio, ele conta, de forma descontra√≠da, por que entrou para a e opina sobre quest√µes do Pa√≠s."
87,"Estive na C√¢mara Municipal de Maracana√∫ e fui recebido pelo vereador . E o parabenizo pelo projeto que visa a constru√ß√£o de um local para os pets, tendo em vista que mais de % dos maracanauenses tem animais dom√©sticos. ‚Äì at Camara Municipal De Maracana√∫"
88,"O deputado Nezinho Farias (PDT) comemora instala√ß√£o de novas f√°bricas no munic√≠pio de Horizonte. Acompanhe ao vivo: - - TV Assembleia (31.1) - FM Assembleia (96,7 Mhz)"
89,": O prefeito de Santa Rita Comemorou a visita que recebeu do deputado federal , pr√©-candidato a prefeito de Sao Luis. Hilton, que tem se revelado grande articulador pol√≠tico,‚Ä¶ ‚Ä¶"
90,Nizo Costa parabeniza a√ß√µes pela moderniza√ß√£o da sa√∫de no Estado ‚Ä¶
91,"Feliz ao seu dia, quem trabalha de verdade e busca o melhor pra sua cidade porque n√£o s√≥ de pol√≠ticos ruins vive a sociedade! em Salvador Bahia Brasil ‚Ä¶"
92,"O deputado Ap√≥stolo Luiz Henrique (PP) parabeniza o pelo programa Estudar Fora. Ao vivo: - - TV Assembleia (31.1) - FM Assembleia (96,7 Mhz)"
93,"Com amigos que o renovabr Me concedeu, pessoas super gente boa. ‚Ä¶ ‚Ä¶"
94,"Um grande amigo que atrav√©s do renovabr tive a honra em conhecer, ‚Ä¶ ‚Ä¶"
95,"√â preciso acreditar no amanh√£, √© preciso acreditar no futuro, √© necess√°rio apostar na Juventude! Tive o prazer, junto com Joana, q tem feito um belo trabalho na Juv partid√°ria, de participar do TCC do amigo e futuro Jornalista, Jorge! A pauta, hoje, para variar, foi: !"
96,Geninho recebe t√≠tulo de ‚ÄòParceiro do Bem‚Äô da Funfarme/HB
97,"Hoje, tive o prazer de conceder ao ministro do , Nefi Cordeiro o Titulo de Cidad√£o Honor√°rio de Bras√≠lia! Um reconhecimento por tudo servi√ßo prestado em prol dos brasilienses."
98,via - Certid√£o da PF diz que Lula tem bom comportamento na pris√£o
99,MUITO BOM ‚Ä¶
